<?xml version="1.0" encoding="UTF-8"?>
<project-private xmlns="http://www.netbeans.org/ns/project-private/1">
    <editor-bookmarks xmlns="http://www.netbeans.org/ns/editor-bookmarks/2" lastBookmarkId="0"/>
    <open-files xmlns="http://www.netbeans.org/ns/projectui-open-files/2">
        <group>
            <file>file:/C:/Users/Mateo%20Ivan%20Peña/Documents/NetBeansProject/Reto5/src/reto5/Reto5.java</file>
            <file>file:/C:/Users/Mateo%20Ivan%20Peña/Documents/NetBeansProject/Reto5/src/reto5/Producto.java</file>
            <file>file:/C:/Users/Mateo%20Ivan%20Peña/Documents/NetBeansProject/Reto5/src/reto5/Interfaz.java</file>
            <file>file:/C:/Users/Mateo%20Ivan%20Peña/Documents/NetBeansProject/Reto5/src/reto5/Conexion.java</file>
        </group>
    </open-files>
</project-private>
